First Name,Last Name,Position,Hours,Salary,Communication,Team Score,Years,Percentages(H),Percentages(EH),Percentages(TW)
Janet,Smith,Administrator,60,1000000,great,7,3,14.457831325301203,85.54216867469879,70.0
Janet,Smith,Administrator,60,1000000,great,7,3,14.457831325301203,85.54216867469879,70.0
Lorra,Smith,Junior ddministrator,55,900000,awesome,7,3,13.253012048192772,86.74698795180723,70.0
Montana,Smith,CFO,60,9800000,cool,8,3,14.457831325301203,85.54216867469879,80.0
Lisa,Ann,CTO,60,1000000,nice,7,3,14.457831325301203,85.54216867469879,70.0
Avil,Reiner,CIO,60,1000000,good,9,3,14.457831325301203,85.54216867469879,90.0
Moon,Shadow,COO,60,9900000,sensational,10,3,14.457831325301203,85.54216867469879,100.0
